{
    "accelerometer_bias_noise": [
        6.788795301189603e-06,
        7.206326547259168e-06,
        5.820197920751072e-06
    ],
    "accelerometer_random_walk_variance": 6.235636967859723e-07,
    "accelerometer_shape_matrix_noise": [
        [
            1.7090958513604515e-07,
            3.58152166969525e-07,
            7.506861412184562e-07
        ],
        [
            6.078306687154678e-07,
            3.2504722900835246e-07,
            3.8425426472734724e-08
        ],
        [
            6.34274057957335e-07,
            9.589492686245204e-07,
            6.527903170054908e-07
        ]
    ],
    "accelerometer_variance": 6.0276337607164385e-09,
    "camera_delay_time_noise": 5.096243767199002e-05,
    "camera_readout_time_noise": 6.048455197450459e-07,
    "focal_length_noise": [
        2.4442559200160274,
        1.5896958364551972
    ],
    "gyroscope_acceleration_sensitivity_noise": [
        [
            9.446689170495839e-08,
            5.2184832175007164e-08,
            4.146619399905236e-08
        ],
        [
            2.6455561210462694e-08,
            7.742336894342166e-08,
            4.561503322165485e-08
        ],
        [
            5.6843394886864845e-08,
            1.878980043635514e-09,
            6.17635497075877e-08
        ]
    ],
    "gyroscope_bias_noise": [
        9.786183422327641e-09,
        7.991585642167236e-09,
        4.6147936225293185e-09
    ],
    "gyroscope_random_walk_variance": 4.375872112626926e-06,
    "gyroscope_shape_matrix_noise": [
        [
            2.2232138825158763e-08,
            3.8648898112586195e-08,
            9.025984755294046e-08
        ],
        [
            4.4994998991122754e-08,
            6.130634578841324e-08,
            9.023485831739843e-08
        ],
        [
            9.928035035897386e-09,
            9.698090677467487e-08,
            6.531400357979376e-08
        ]
    ],
    "gyroscope_variance": 5.448831829968968e-07,
    "image_noise_variance": 0.5928446182250183,
    "optical_center_noise": [
        1.3818295134861382e-05,
        1.965823616800535e-05
    ],
    "orientation_noise": [
        5.671297731744318e-09,
        2.726562945801132e-08,
        4.7766511732134986e-08
    ],
    "position_noise": [
        0.0005680445610939324,
        0.000925596638292661,
        7.103605819788694e-05
    ],
    "position_of_body_in_camera_frame_noise": [
        1.6130951788499625e-07,
        6.531083254653984e-07,
        2.532916025397821e-07
    ],
    "radial_distortion_noise": [
        6.625268669500442e-09,
        1.3571635612109835e-10,
        6.2284609554666945e-09
    ],
    "tangential_distortion_noise": [
        9.609840789396307e-10,
        9.764594650133958e-09
    ],
    "velocity_noise": [
        6.481718720511972e-06,
        3.68241539840548e-06,
        9.571551589530465e-06
    ]
}